87_1,87_2,87_3,231_1,231_2,231_3,19_1,19_2,19_3,59_1,59_2,59_3,152_1,152_2,152_3,55_1,55_2,55_3,58_1,58_2,58_3,168_1,168_2,168_3,382_1,382_2,382_3,sub1,sub2
135,2.8,5.48,67,1.8,6,73,-0.8,5.68,163,-0.9,5.89,141,-1.3,5.66,135,2.8,5.48,124,3.8,5.98,135,2.8,5.48,124,3.8,5.98,1,2
67,1.8,6,67,1.8,6,73,-0.8,5.68,163,-0.9,5.89,141,-1.3,5.66,135,2.8,5.48,124,3.8,5.98,135,2.8,5.48,124,3.8,5.98,1,2
105,4.2,5.96,67,1.8,6,73,-0.8,5.68,163,-0.9,5.89,141,-1.3,5.66,135,2.8,5.48,124,3.8,5.98,135,2.8,5.48,124,3.8,5.98,1,2
124,4.5,6.02,67,1.8,6,73,-0.8,5.68,163,-0.9,5.89,141,-1.3,5.66,135,2.8,5.48,124,3.8,5.98,135,2.8,5.48,124,3.8,5.98,1,2
124,3.8,5.98,67,1.8,6,73,-0.8,5.68,163,-0.9,5.89,141,-1.3,5.66,135,2.8,5.48,124,3.8,5.98,135,2.8,5.48,124,3.8,5.98,1,2
124,1.9,5.74,67,1.8,6,73,-0.8,5.68,163,-0.9,5.89,141,-1.3,5.66,135,2.8,5.48,124,3.8,5.98,135,2.8,5.48,124,3.8,5.98,1,2
163,-0.9,5.89,67,1.8,6,73,-0.8,5.68,163,-0.9,5.89,141,-1.3,5.66,135,2.8,5.48,124,3.8,5.98,135,2.8,5.48,124,3.8,5.98,1,2
48,-0.4,5.97,67,1.8,6,73,-0.8,5.68,163,-0.9,5.89,141,-1.3,5.66,135,2.8,5.48,124,3.8,5.98,135,2.8,5.48,124,3.8,5.98,1,2
73,-0.8,5.68,67,1.8,6,73,-0.8,5.68,163,-0.9,5.89,141,-1.3,5.66,135,2.8,5.48,124,3.8,5.98,135,2.8,5.48,124,3.8,5.98,1,2
86,2.5,5.07,67,1.8,6,73,-0.8,5.68,163,-0.9,5.89,141,-1.3,5.66,135,2.8,5.48,124,3.8,5.98,135,2.8,5.48,124,3.8,5.98,1,2
93,-0.7,5.6,67,1.8,6,73,-0.8,5.68,163,-0.9,5.89,141,-1.3,5.66,135,2.8,5.48,124,3.8,5.98,135,2.8,5.48,124,3.8,5.98,1,2
96,-3.5,5.41,67,1.8,6,73,-0.8,5.68,163,-0.9,5.89,141,-1.3,5.66,135,2.8,5.48,124,3.8,5.98,135,2.8,5.48,124,3.8,5.98,1,2
114,-3.5,5.65,67,1.8,6,73,-0.8,5.68,163,-0.9,5.89,141,-1.3,5.66,135,2.8,5.48,124,3.8,5.98,135,2.8,5.48,124,3.8,5.98,1,2
118,-3.2,7.59,67,1.8,6,73,-0.8,5.68,163,-0.9,5.89,141,-1.3,5.66,135,2.8,5.48,124,3.8,5.98,135,2.8,5.48,124,3.8,5.98,1,2
141,-1.3,5.66,67,1.8,6,73,-0.8,5.68,163,-0.9,5.89,141,-1.3,5.66,135,2.8,5.48,124,3.8,5.98,135,2.8,5.48,124,3.8,5.98,1,2
135,2.8,5.48,105,4.2,5.96,73,-0.8,5.68,163,-0.9,5.89,141,-1.3,5.66,135,2.8,5.48,124,3.8,5.98,135,2.8,5.48,124,3.8,5.98,1,2
135,2.8,5.48,124,4.5,6.02,73,-0.8,5.68,163,-0.9,5.89,141,-1.3,5.66,135,2.8,5.48,124,3.8,5.98,135,2.8,5.48,124,3.8,5.98,1,2
135,2.8,5.48,124,3.8,5.98,73,-0.8,5.68,163,-0.9,5.89,141,-1.3,5.66,135,2.8,5.48,124,3.8,5.98,135,2.8,5.48,124,3.8,5.98,1,2
135,2.8,5.48,124,1.9,5.74,73,-0.8,5.68,163,-0.9,5.89,141,-1.3,5.66,135,2.8,5.48,124,3.8,5.98,135,2.8,5.48,124,3.8,5.98,1,2
135,2.8,5.48,135,2.8,5.48,73,-0.8,5.68,163,-0.9,5.89,141,-1.3,5.66,135,2.8,5.48,124,3.8,5.98,135,2.8,5.48,124,3.8,5.98,1,2
135,2.8,5.48,163,-0.9,5.89,73,-0.8,5.68,163,-0.9,5.89,141,-1.3,5.66,135,2.8,5.48,124,3.8,5.98,135,2.8,5.48,124,3.8,5.98,1,2
135,2.8,5.48,48,-0.4,5.97,73,-0.8,5.68,163,-0.9,5.89,141,-1.3,5.66,135,2.8,5.48,124,3.8,5.98,135,2.8,5.48,124,3.8,5.98,1,2
135,2.8,5.48,73,-0.8,5.68,73,-0.8,5.68,163,-0.9,5.89,141,-1.3,5.66,135,2.8,5.48,124,3.8,5.98,135,2.8,5.48,124,3.8,5.98,1,2
135,2.8,5.48,86,2.5,5.07,73,-0.8,5.68,163,-0.9,5.89,141,-1.3,5.66,135,2.8,5.48,124,3.8,5.98,135,2.8,5.48,124,3.8,5.98,1,2
135,2.8,5.48,93,-0.7,5.6,73,-0.8,5.68,163,-0.9,5.89,141,-1.3,5.66,135,2.8,5.48,124,3.8,5.98,135,2.8,5.48,124,3.8,5.98,1,2
135,2.8,5.48,96,-3.5,5.41,73,-0.8,5.68,163,-0.9,5.89,141,-1.3,5.66,135,2.8,5.48,124,3.8,5.98,135,2.8,5.48,124,3.8,5.98,1,2
135,2.8,5.48,114,-3.5,5.65,73,-0.8,5.68,163,-0.9,5.89,141,-1.3,5.66,135,2.8,5.48,124,3.8,5.98,135,2.8,5.48,124,3.8,5.98,1,2
135,2.8,5.48,118,-3.2,7.59,73,-0.8,5.68,163,-0.9,5.89,141,-1.3,5.66,135,2.8,5.48,124,3.8,5.98,135,2.8,5.48,124,3.8,5.98,1,2
135,2.8,5.48,141,-1.3,5.66,73,-0.8,5.68,163,-0.9,5.89,141,-1.3,5.66,135,2.8,5.48,124,3.8,5.98,135,2.8,5.48,124,3.8,5.98,1,2
135,2.8,5.48,67,1.8,6,67,1.8,6,163,-0.9,5.89,141,-1.3,5.66,135,2.8,5.48,124,3.8,5.98,135,2.8,5.48,124,3.8,5.98,1,2
135,2.8,5.48,67,1.8,6,105,4.2,5.96,163,-0.9,5.89,141,-1.3,5.66,135,2.8,5.48,124,3.8,5.98,135,2.8,5.48,124,3.8,5.98,1,2
135,2.8,5.48,67,1.8,6,124,4.5,6.02,163,-0.9,5.89,141,-1.3,5.66,135,2.8,5.48,124,3.8,5.98,135,2.8,5.48,124,3.8,5.98,1,2
135,2.8,5.48,67,1.8,6,124,3.8,5.98,163,-0.9,5.89,141,-1.3,5.66,135,2.8,5.48,124,3.8,5.98,135,2.8,5.48,124,3.8,5.98,1,2
135,2.8,5.48,67,1.8,6,124,1.9,5.74,163,-0.9,5.89,141,-1.3,5.66,135,2.8,5.48,124,3.8,5.98,135,2.8,5.48,124,3.8,5.98,1,2
135,2.8,5.48,67,1.8,6,135,2.8,5.48,163,-0.9,5.89,141,-1.3,5.66,135,2.8,5.48,124,3.8,5.98,135,2.8,5.48,124,3.8,5.98,1,2
135,2.8,5.48,67,1.8,6,163,-0.9,5.89,163,-0.9,5.89,141,-1.3,5.66,135,2.8,5.48,124,3.8,5.98,135,2.8,5.48,124,3.8,5.98,1,2
135,2.8,5.48,67,1.8,6,48,-0.4,5.97,163,-0.9,5.89,141,-1.3,5.66,135,2.8,5.48,124,3.8,5.98,135,2.8,5.48,124,3.8,5.98,1,2
135,2.8,5.48,67,1.8,6,86,2.5,5.07,163,-0.9,5.89,141,-1.3,5.66,135,2.8,5.48,124,3.8,5.98,135,2.8,5.48,124,3.8,5.98,1,2
135,2.8,5.48,67,1.8,6,93,-0.7,5.6,163,-0.9,5.89,141,-1.3,5.66,135,2.8,5.48,124,3.8,5.98,135,2.8,5.48,124,3.8,5.98,1,2
135,2.8,5.48,67,1.8,6,96,-3.5,5.41,163,-0.9,5.89,141,-1.3,5.66,135,2.8,5.48,124,3.8,5.98,135,2.8,5.48,124,3.8,5.98,1,2
135,2.8,5.48,67,1.8,6,114,-3.5,5.65,163,-0.9,5.89,141,-1.3,5.66,135,2.8,5.48,124,3.8,5.98,135,2.8,5.48,124,3.8,5.98,1,2
135,2.8,5.48,67,1.8,6,118,-3.2,7.59,163,-0.9,5.89,141,-1.3,5.66,135,2.8,5.48,124,3.8,5.98,135,2.8,5.48,124,3.8,5.98,1,2
135,2.8,5.48,67,1.8,6,141,-1.3,5.66,163,-0.9,5.89,141,-1.3,5.66,135,2.8,5.48,124,3.8,5.98,135,2.8,5.48,124,3.8,5.98,1,2
135,2.8,5.48,67,1.8,6,73,-0.8,5.68,67,1.8,6,141,-1.3,5.66,135,2.8,5.48,124,3.8,5.98,135,2.8,5.48,124,3.8,5.98,1,2
135,2.8,5.48,67,1.8,6,73,-0.8,5.68,105,4.2,5.96,141,-1.3,5.66,135,2.8,5.48,124,3.8,5.98,135,2.8,5.48,124,3.8,5.98,1,2
135,2.8,5.48,67,1.8,6,73,-0.8,5.68,124,4.5,6.02,141,-1.3,5.66,135,2.8,5.48,124,3.8,5.98,135,2.8,5.48,124,3.8,5.98,1,2
135,2.8,5.48,67,1.8,6,73,-0.8,5.68,124,3.8,5.98,141,-1.3,5.66,135,2.8,5.48,124,3.8,5.98,135,2.8,5.48,124,3.8,5.98,1,2
135,2.8,5.48,67,1.8,6,73,-0.8,5.68,124,1.9,5.74,141,-1.3,5.66,135,2.8,5.48,124,3.8,5.98,135,2.8,5.48,124,3.8,5.98,1,2
135,2.8,5.48,67,1.8,6,73,-0.8,5.68,135,2.8,5.48,141,-1.3,5.66,135,2.8,5.48,124,3.8,5.98,135,2.8,5.48,124,3.8,5.98,1,2
135,2.8,5.48,67,1.8,6,73,-0.8,5.68,48,-0.4,5.97,141,-1.3,5.66,135,2.8,5.48,124,3.8,5.98,135,2.8,5.48,124,3.8,5.98,1,2
135,2.8,5.48,67,1.8,6,73,-0.8,5.68,73,-0.8,5.68,141,-1.3,5.66,135,2.8,5.48,124,3.8,5.98,135,2.8,5.48,124,3.8,5.98,1,2
135,2.8,5.48,67,1.8,6,73,-0.8,5.68,86,2.5,5.07,141,-1.3,5.66,135,2.8,5.48,124,3.8,5.98,135,2.8,5.48,124,3.8,5.98,1,2
135,2.8,5.48,67,1.8,6,73,-0.8,5.68,93,-0.7,5.6,141,-1.3,5.66,135,2.8,5.48,124,3.8,5.98,135,2.8,5.48,124,3.8,5.98,1,2
135,2.8,5.48,67,1.8,6,73,-0.8,5.68,96,-3.5,5.41,141,-1.3,5.66,135,2.8,5.48,124,3.8,5.98,135,2.8,5.48,124,3.8,5.98,1,2
135,2.8,5.48,67,1.8,6,73,-0.8,5.68,114,-3.5,5.65,141,-1.3,5.66,135,2.8,5.48,124,3.8,5.98,135,2.8,5.48,124,3.8,5.98,1,2
135,2.8,5.48,67,1.8,6,73,-0.8,5.68,118,-3.2,7.59,141,-1.3,5.66,135,2.8,5.48,124,3.8,5.98,135,2.8,5.48,124,3.8,5.98,1,2
135,2.8,5.48,67,1.8,6,73,-0.8,5.68,141,-1.3,5.66,141,-1.3,5.66,135,2.8,5.48,124,3.8,5.98,135,2.8,5.48,124,3.8,5.98,1,2
135,2.8,5.48,67,1.8,6,73,-0.8,5.68,163,-0.9,5.89,67,1.8,6,135,2.8,5.48,124,3.8,5.98,135,2.8,5.48,124,3.8,5.98,1,2
135,2.8,5.48,67,1.8,6,73,-0.8,5.68,163,-0.9,5.89,105,4.2,5.96,135,2.8,5.48,124,3.8,5.98,135,2.8,5.48,124,3.8,5.98,1,2
135,2.8,5.48,67,1.8,6,73,-0.8,5.68,163,-0.9,5.89,124,4.5,6.02,135,2.8,5.48,124,3.8,5.98,135,2.8,5.48,124,3.8,5.98,1,2
135,2.8,5.48,67,1.8,6,73,-0.8,5.68,163,-0.9,5.89,124,3.8,5.98,135,2.8,5.48,124,3.8,5.98,135,2.8,5.48,124,3.8,5.98,1,2
135,2.8,5.48,67,1.8,6,73,-0.8,5.68,163,-0.9,5.89,124,1.9,5.74,135,2.8,5.48,124,3.8,5.98,135,2.8,5.48,124,3.8,5.98,1,2
135,2.8,5.48,67,1.8,6,73,-0.8,5.68,163,-0.9,5.89,135,2.8,5.48,135,2.8,5.48,124,3.8,5.98,135,2.8,5.48,124,3.8,5.98,1,2
135,2.8,5.48,67,1.8,6,73,-0.8,5.68,163,-0.9,5.89,163,-0.9,5.89,135,2.8,5.48,124,3.8,5.98,135,2.8,5.48,124,3.8,5.98,1,2
135,2.8,5.48,67,1.8,6,73,-0.8,5.68,163,-0.9,5.89,48,-0.4,5.97,135,2.8,5.48,124,3.8,5.98,135,2.8,5.48,124,3.8,5.98,1,2
135,2.8,5.48,67,1.8,6,73,-0.8,5.68,163,-0.9,5.89,73,-0.8,5.68,135,2.8,5.48,124,3.8,5.98,135,2.8,5.48,124,3.8,5.98,1,2
135,2.8,5.48,67,1.8,6,73,-0.8,5.68,163,-0.9,5.89,86,2.5,5.07,135,2.8,5.48,124,3.8,5.98,135,2.8,5.48,124,3.8,5.98,1,2
135,2.8,5.48,67,1.8,6,73,-0.8,5.68,163,-0.9,5.89,93,-0.7,5.6,135,2.8,5.48,124,3.8,5.98,135,2.8,5.48,124,3.8,5.98,1,2
135,2.8,5.48,67,1.8,6,73,-0.8,5.68,163,-0.9,5.89,96,-3.5,5.41,135,2.8,5.48,124,3.8,5.98,135,2.8,5.48,124,3.8,5.98,1,2
135,2.8,5.48,67,1.8,6,73,-0.8,5.68,163,-0.9,5.89,114,-3.5,5.65,135,2.8,5.48,124,3.8,5.98,135,2.8,5.48,124,3.8,5.98,1,2
135,2.8,5.48,67,1.8,6,73,-0.8,5.68,163,-0.9,5.89,118,-3.2,7.59,135,2.8,5.48,124,3.8,5.98,135,2.8,5.48,124,3.8,5.98,1,2
135,2.8,5.48,67,1.8,6,73,-0.8,5.68,163,-0.9,5.89,141,-1.3,5.66,67,1.8,6,124,3.8,5.98,135,2.8,5.48,124,3.8,5.98,1,2
135,2.8,5.48,67,1.8,6,73,-0.8,5.68,163,-0.9,5.89,141,-1.3,5.66,105,4.2,5.96,124,3.8,5.98,135,2.8,5.48,124,3.8,5.98,1,2
135,2.8,5.48,67,1.8,6,73,-0.8,5.68,163,-0.9,5.89,141,-1.3,5.66,124,4.5,6.02,124,3.8,5.98,135,2.8,5.48,124,3.8,5.98,1,2
135,2.8,5.48,67,1.8,6,73,-0.8,5.68,163,-0.9,5.89,141,-1.3,5.66,124,3.8,5.98,124,3.8,5.98,135,2.8,5.48,124,3.8,5.98,1,2
135,2.8,5.48,67,1.8,6,73,-0.8,5.68,163,-0.9,5.89,141,-1.3,5.66,124,1.9,5.74,124,3.8,5.98,135,2.8,5.48,124,3.8,5.98,1,2
135,2.8,5.48,67,1.8,6,73,-0.8,5.68,163,-0.9,5.89,141,-1.3,5.66,163,-0.9,5.89,124,3.8,5.98,135,2.8,5.48,124,3.8,5.98,1,2
135,2.8,5.48,67,1.8,6,73,-0.8,5.68,163,-0.9,5.89,141,-1.3,5.66,48,-0.4,5.97,124,3.8,5.98,135,2.8,5.48,124,3.8,5.98,1,2
135,2.8,5.48,67,1.8,6,73,-0.8,5.68,163,-0.9,5.89,141,-1.3,5.66,73,-0.8,5.68,124,3.8,5.98,135,2.8,5.48,124,3.8,5.98,1,2
135,2.8,5.48,67,1.8,6,73,-0.8,5.68,163,-0.9,5.89,141,-1.3,5.66,86,2.5,5.07,124,3.8,5.98,135,2.8,5.48,124,3.8,5.98,1,2
135,2.8,5.48,67,1.8,6,73,-0.8,5.68,163,-0.9,5.89,141,-1.3,5.66,93,-0.7,5.6,124,3.8,5.98,135,2.8,5.48,124,3.8,5.98,1,2
135,2.8,5.48,67,1.8,6,73,-0.8,5.68,163,-0.9,5.89,141,-1.3,5.66,96,-3.5,5.41,124,3.8,5.98,135,2.8,5.48,124,3.8,5.98,1,2
135,2.8,5.48,67,1.8,6,73,-0.8,5.68,163,-0.9,5.89,141,-1.3,5.66,114,-3.5,5.65,124,3.8,5.98,135,2.8,5.48,124,3.8,5.98,1,2
135,2.8,5.48,67,1.8,6,73,-0.8,5.68,163,-0.9,5.89,141,-1.3,5.66,118,-3.2,7.59,124,3.8,5.98,135,2.8,5.48,124,3.8,5.98,1,2
135,2.8,5.48,67,1.8,6,73,-0.8,5.68,163,-0.9,5.89,141,-1.3,5.66,141,-1.3,5.66,124,3.8,5.98,135,2.8,5.48,124,3.8,5.98,1,2
135,2.8,5.48,67,1.8,6,73,-0.8,5.68,163,-0.9,5.89,141,-1.3,5.66,135,2.8,5.48,67,1.8,6,135,2.8,5.48,124,3.8,5.98,1,2
135,2.8,5.48,67,1.8,6,73,-0.8,5.68,163,-0.9,5.89,141,-1.3,5.66,135,2.8,5.48,105,4.2,5.96,135,2.8,5.48,124,3.8,5.98,1,2
135,2.8,5.48,67,1.8,6,73,-0.8,5.68,163,-0.9,5.89,141,-1.3,5.66,135,2.8,5.48,124,4.5,6.02,135,2.8,5.48,124,3.8,5.98,1,2
135,2.8,5.48,67,1.8,6,73,-0.8,5.68,163,-0.9,5.89,141,-1.3,5.66,135,2.8,5.48,124,1.9,5.74,135,2.8,5.48,124,3.8,5.98,1,2
135,2.8,5.48,67,1.8,6,73,-0.8,5.68,163,-0.9,5.89,141,-1.3,5.66,135,2.8,5.48,135,2.8,5.48,135,2.8,5.48,124,3.8,5.98,1,2
135,2.8,5.48,67,1.8,6,73,-0.8,5.68,163,-0.9,5.89,141,-1.3,5.66,135,2.8,5.48,163,-0.9,5.89,135,2.8,5.48,124,3.8,5.98,1,2
135,2.8,5.48,67,1.8,6,73,-0.8,5.68,163,-0.9,5.89,141,-1.3,5.66,135,2.8,5.48,48,-0.4,5.97,135,2.8,5.48,124,3.8,5.98,1,2
135,2.8,5.48,67,1.8,6,73,-0.8,5.68,163,-0.9,5.89,141,-1.3,5.66,135,2.8,5.48,73,-0.8,5.68,135,2.8,5.48,124,3.8,5.98,1,2
135,2.8,5.48,67,1.8,6,73,-0.8,5.68,163,-0.9,5.89,141,-1.3,5.66,135,2.8,5.48,86,2.5,5.07,135,2.8,5.48,124,3.8,5.98,1,2
135,2.8,5.48,67,1.8,6,73,-0.8,5.68,163,-0.9,5.89,141,-1.3,5.66,135,2.8,5.48,93,-0.7,5.6,135,2.8,5.48,124,3.8,5.98,1,2
135,2.8,5.48,67,1.8,6,73,-0.8,5.68,163,-0.9,5.89,141,-1.3,5.66,135,2.8,5.48,96,-3.5,5.41,135,2.8,5.48,124,3.8,5.98,1,2
135,2.8,5.48,67,1.8,6,73,-0.8,5.68,163,-0.9,5.89,141,-1.3,5.66,135,2.8,5.48,114,-3.5,5.65,135,2.8,5.48,124,3.8,5.98,1,2
135,2.8,5.48,67,1.8,6,73,-0.8,5.68,163,-0.9,5.89,141,-1.3,5.66,135,2.8,5.48,118,-3.2,7.59,135,2.8,5.48,124,3.8,5.98,1,2
135,2.8,5.48,67,1.8,6,73,-0.8,5.68,163,-0.9,5.89,141,-1.3,5.66,135,2.8,5.48,141,-1.3,5.66,135,2.8,5.48,124,3.8,5.98,1,2
135,2.8,5.48,67,1.8,6,73,-0.8,5.68,163,-0.9,5.89,141,-1.3,5.66,135,2.8,5.48,124,3.8,5.98,67,1.8,6,124,3.8,5.98,1,2
135,2.8,5.48,67,1.8,6,73,-0.8,5.68,163,-0.9,5.89,141,-1.3,5.66,135,2.8,5.48,124,3.8,5.98,105,4.2,5.96,124,3.8,5.98,1,2
135,2.8,5.48,67,1.8,6,73,-0.8,5.68,163,-0.9,5.89,141,-1.3,5.66,135,2.8,5.48,124,3.8,5.98,124,4.5,6.02,124,3.8,5.98,1,2
135,2.8,5.48,67,1.8,6,73,-0.8,5.68,163,-0.9,5.89,141,-1.3,5.66,135,2.8,5.48,124,3.8,5.98,124,3.8,5.98,124,3.8,5.98,1,2
135,2.8,5.48,67,1.8,6,73,-0.8,5.68,163,-0.9,5.89,141,-1.3,5.66,135,2.8,5.48,124,3.8,5.98,124,1.9,5.74,124,3.8,5.98,1,2
135,2.8,5.48,67,1.8,6,73,-0.8,5.68,163,-0.9,5.89,141,-1.3,5.66,135,2.8,5.48,124,3.8,5.98,163,-0.9,5.89,124,3.8,5.98,1,2
135,2.8,5.48,67,1.8,6,73,-0.8,5.68,163,-0.9,5.89,141,-1.3,5.66,135,2.8,5.48,124,3.8,5.98,48,-0.4,5.97,124,3.8,5.98,1,2
135,2.8,5.48,67,1.8,6,73,-0.8,5.68,163,-0.9,5.89,141,-1.3,5.66,135,2.8,5.48,124,3.8,5.98,73,-0.8,5.68,124,3.8,5.98,1,2
135,2.8,5.48,67,1.8,6,73,-0.8,5.68,163,-0.9,5.89,141,-1.3,5.66,135,2.8,5.48,124,3.8,5.98,86,2.5,5.07,124,3.8,5.98,1,2
135,2.8,5.48,67,1.8,6,73,-0.8,5.68,163,-0.9,5.89,141,-1.3,5.66,135,2.8,5.48,124,3.8,5.98,93,-0.7,5.6,124,3.8,5.98,1,2
135,2.8,5.48,67,1.8,6,73,-0.8,5.68,163,-0.9,5.89,141,-1.3,5.66,135,2.8,5.48,124,3.8,5.98,96,-3.5,5.41,124,3.8,5.98,1,2
135,2.8,5.48,67,1.8,6,73,-0.8,5.68,163,-0.9,5.89,141,-1.3,5.66,135,2.8,5.48,124,3.8,5.98,114,-3.5,5.65,124,3.8,5.98,1,2
135,2.8,5.48,67,1.8,6,73,-0.8,5.68,163,-0.9,5.89,141,-1.3,5.66,135,2.8,5.48,124,3.8,5.98,118,-3.2,7.59,124,3.8,5.98,1,2
135,2.8,5.48,67,1.8,6,73,-0.8,5.68,163,-0.9,5.89,141,-1.3,5.66,135,2.8,5.48,124,3.8,5.98,141,-1.3,5.66,124,3.8,5.98,1,2
135,2.8,5.48,67,1.8,6,73,-0.8,5.68,163,-0.9,5.89,141,-1.3,5.66,135,2.8,5.48,124,3.8,5.98,135,2.8,5.48,67,1.8,6,1,2
135,2.8,5.48,67,1.8,6,73,-0.8,5.68,163,-0.9,5.89,141,-1.3,5.66,135,2.8,5.48,124,3.8,5.98,135,2.8,5.48,105,4.2,5.96,1,2
135,2.8,5.48,67,1.8,6,73,-0.8,5.68,163,-0.9,5.89,141,-1.3,5.66,135,2.8,5.48,124,3.8,5.98,135,2.8,5.48,124,4.5,6.02,1,2
135,2.8,5.48,67,1.8,6,73,-0.8,5.68,163,-0.9,5.89,141,-1.3,5.66,135,2.8,5.48,124,3.8,5.98,135,2.8,5.48,124,1.9,5.74,1,2
135,2.8,5.48,67,1.8,6,73,-0.8,5.68,163,-0.9,5.89,141,-1.3,5.66,135,2.8,5.48,124,3.8,5.98,135,2.8,5.48,135,2.8,5.48,1,2
135,2.8,5.48,67,1.8,6,73,-0.8,5.68,163,-0.9,5.89,141,-1.3,5.66,135,2.8,5.48,124,3.8,5.98,135,2.8,5.48,163,-0.9,5.89,1,2
135,2.8,5.48,67,1.8,6,73,-0.8,5.68,163,-0.9,5.89,141,-1.3,5.66,135,2.8,5.48,124,3.8,5.98,135,2.8,5.48,48,-0.4,5.97,1,2
135,2.8,5.48,67,1.8,6,73,-0.8,5.68,163,-0.9,5.89,141,-1.3,5.66,135,2.8,5.48,124,3.8,5.98,135,2.8,5.48,73,-0.8,5.68,1,2
135,2.8,5.48,67,1.8,6,73,-0.8,5.68,163,-0.9,5.89,141,-1.3,5.66,135,2.8,5.48,124,3.8,5.98,135,2.8,5.48,86,2.5,5.07,1,2
135,2.8,5.48,67,1.8,6,73,-0.8,5.68,163,-0.9,5.89,141,-1.3,5.66,135,2.8,5.48,124,3.8,5.98,135,2.8,5.48,93,-0.7,5.6,1,2
135,2.8,5.48,67,1.8,6,73,-0.8,5.68,163,-0.9,5.89,141,-1.3,5.66,135,2.8,5.48,124,3.8,5.98,135,2.8,5.48,96,-3.5,5.41,1,2
135,2.8,5.48,67,1.8,6,73,-0.8,5.68,163,-0.9,5.89,141,-1.3,5.66,135,2.8,5.48,124,3.8,5.98,135,2.8,5.48,114,-3.5,5.65,1,2
135,2.8,5.48,67,1.8,6,73,-0.8,5.68,163,-0.9,5.89,141,-1.3,5.66,135,2.8,5.48,124,3.8,5.98,135,2.8,5.48,118,-3.2,7.59,1,2
135,2.8,5.48,67,1.8,6,73,-0.8,5.68,163,-0.9,5.89,141,-1.3,5.66,135,2.8,5.48,124,3.8,5.98,135,2.8,5.48,141,-1.3,5.66,1,2
