87_1,87_2,87_3,231_1,231_2,231_3,19_1,19_2,19_3,59_1,59_2,59_3,152_1,152_2,152_3,55_1,55_2,55_3,58_1,58_2,58_3,168_1,168_2,168_3,382_1,382_2,382_3,sub1,sub2,activity,selectivity
141,-1.3,5.66,93,-0.7,5.6,73,-0.8,5.68,141,-1.3,5.66,141,-1.3,5.66,135,2.8,5.48,124,3.8,5.98,135,2.8,5.48,124,3.8,5.98,1,2,5.735799654,2.482926415
135,2.8,5.48,67,1.8,6,73,-0.8,5.68,163,-0.9,5.89,141,-1.3,5.66,135,2.8,5.48,124,3.8,5.98,135,2.8,5.48,124,3.8,5.98,1,2,8.179648308,1.309333718
135,2.8,5.48,67,1.8,6,73,-0.8,5.68,163,-0.9,5.89,135,2.8,5.48,135,2.8,5.48,124,3.8,5.98,135,2.8,5.48,124,3.8,5.98,1,2,7.877339649,1.550384017
135,2.8,5.48,93,-0.7,5.6,73,-0.8,5.68,141,-1.3,5.66,141,-1.3,5.66,135,2.8,5.48,124,3.8,5.98,135,2.8,5.48,124,3.8,5.98,1,2,6.848295022,3.072772834
124,3.8,5.98,93,-0.7,5.6,73,-0.8,5.68,141,-1.3,5.66,141,-1.3,5.66,135,2.8,5.48,124,3.8,5.98,135,2.8,5.48,124,3.8,5.98,1,2,4.046847165,-0.351447356
141,-1.3,5.66,93,-0.7,5.6,73,-0.8,5.68,141,-1.3,5.66,135,2.8,5.48,135,2.8,5.48,124,3.8,5.98,135,2.8,5.48,124,3.8,5.98,1,2,4.250431561,1.589146396
124,3.8,5.98,93,-0.7,5.6,67,1.8,6,141,-1.3,5.66,141,-1.3,5.66,135,2.8,5.48,124,3.8,5.98,135,2.8,5.48,124,3.8,5.98,1,2,4.309180826,-0.461470794
124,3.8,5.98,93,-0.7,5.6,105,4.2,5.96,141,-1.3,5.66,141,-1.3,5.66,135,2.8,5.48,124,3.8,5.98,135,2.8,5.48,124,3.8,5.98,1,2,5.029759681,-0.334812124
124,3.8,5.98,93,-0.7,5.6,163,-0.9,5.89,141,-1.3,5.66,141,-1.3,5.66,135,2.8,5.48,124,3.8,5.98,135,2.8,5.48,124,3.8,5.98,1,2,7.563319609,1.177159312
124,3.8,5.98,93,-0.7,5.6,73,-0.8,5.68,141,-1.3,5.66,135,2.8,5.48,135,2.8,5.48,124,3.8,5.98,135,2.8,5.48,124,3.8,5.98,1,2,2.65952677,-0.788378754
124,3.8,5.98,93,-0.7,5.6,163,-0.9,5.89,141,-1.3,5.66,135,2.8,5.48,135,2.8,5.48,124,3.8,5.98,135,2.8,5.48,124,3.8,5.98,1,2,6.947735461,0.490926957
124,3.8,5.98,124,3.8,5.98,105,4.2,5.96,141,-1.3,5.66,141,-1.3,5.66,135,2.8,5.48,124,3.8,5.98,135,2.8,5.48,124,3.8,5.98,1,2,4.869717238,-0.239180848
124,3.8,5.98,124,3.8,5.98,163,-0.9,5.89,141,-1.3,5.66,141,-1.3,5.66,135,2.8,5.48,124,3.8,5.98,135,2.8,5.48,124,3.8,5.98,1,2,3.629099285,0.220197065
124,3.8,5.98,73,-0.8,5.68,163,-0.9,5.89,141,-1.3,5.66,141,-1.3,5.66,135,2.8,5.48,124,3.8,5.98,135,2.8,5.48,124,3.8,5.98,1,2,5.257524169,-0.155491568
124,3.8,5.98,67,1.8,6,163,-0.9,5.89,141,-1.3,5.66,141,-1.3,5.66,135,2.8,5.48,124,3.8,5.98,135,2.8,5.48,124,3.8,5.98,1,2,5.780233297,0.347194072
124,3.8,5.98,124,3.8,5.98,105,4.2,5.96,163,-0.9,5.89,141,-1.3,5.66,135,2.8,5.48,124,3.8,5.98,135,2.8,5.48,124,3.8,5.98,1,2,1.907739019,-0.39587837
124,3.8,5.98,124,3.8,5.98,163,-0.9,5.89,163,-0.9,5.89,141,-1.3,5.66,135,2.8,5.48,124,3.8,5.98,135,2.8,5.48,124,3.8,5.98,1,2,1.609437912,0
124,3.8,5.98,67,1.8,6,163,-0.9,5.89,163,-0.9,5.89,141,-1.3,5.66,135,2.8,5.48,124,3.8,5.98,135,2.8,5.48,124,3.8,5.98,1,2,7.016326044,1.466792596
141,-1.3,5.66,124,3.8,5.98,163,-0.9,5.89,141,-1.3,5.66,141,-1.3,5.66,135,2.8,5.48,124,3.8,5.98,135,2.8,5.48,124,3.8,5.98,1,2,1.609437912,0
135,2.8,5.48,124,3.8,5.98,105,4.2,5.96,141,-1.3,5.66,141,-1.3,5.66,135,2.8,5.48,124,3.8,5.98,135,2.8,5.48,124,3.8,5.98,1,2,3.512057186,-0.618523348
141,-1.3,5.66,93,-0.7,5.6,73,-0.8,5.68,141,-1.3,5.66,141,-1.3,5.66,135,2.8,5.48,105,4.2,5.96,135,2.8,5.48,124,3.8,5.98,1,2,3.766229517,1.297790931
141,-1.3,5.66,124,3.8,5.98,73,-0.8,5.68,141,-1.3,5.66,141,-1.3,5.66,135,2.8,5.48,124,3.8,5.98,135,2.8,5.48,124,3.8,5.98,1,2,1.609437912,0
124,3.8,5.98,67,1.8,6,73,-0.8,5.68,141,-1.3,5.66,141,-1.3,5.66,135,2.8,5.48,124,3.8,5.98,135,2.8,5.48,124,3.8,5.98,1,2,4.079929081,-0.192847727
124,3.8,5.98,67,1.8,6,73,-0.8,5.68,163,-0.9,5.89,141,-1.3,5.66,135,2.8,5.48,124,3.8,5.98,135,2.8,5.48,124,3.8,5.98,1,2,5.558222713,0.417503655
135,2.8,5.48,67,1.8,6,163,-0.9,5.89,163,-0.9,5.89,141,-1.3,5.66,135,2.8,5.48,124,3.8,5.98,135,2.8,5.48,124,3.8,5.98,1,2,7.773916992,0.962542085
135,2.8,5.48,67,1.8,6,105,4.2,5.96,163,-0.9,5.89,141,-1.3,5.66,135,2.8,5.48,124,3.8,5.98,135,2.8,5.48,124,3.8,5.98,1,2,7.077332141,1.506926075
135,2.8,5.48,67,1.8,6,73,-0.8,5.68,163,-0.9,5.89,135,2.8,5.48,135,2.8,5.48,67,1.8,6,135,2.8,5.48,124,3.8,5.98,1,2,3.752483337,-0.155950394
135,2.8,5.48,67,1.8,6,73,-0.8,5.68,163,-0.9,5.89,135,2.8,5.48,135,2.8,5.48,105,4.2,5.96,135,2.8,5.48,124,3.8,5.98,1,2,5.09846952,0.88040381
135,2.8,5.48,124,4.5,6.02,73,-0.8,5.68,163,-0.9,5.89,135,2.8,5.48,135,2.8,5.48,124,3.8,5.98,135,2.8,5.48,124,3.8,5.98,1,2,3.151474126,-0.791904932
135,2.8,5.48,124,3.8,5.98,73,-0.8,5.68,163,-0.9,5.89,135,2.8,5.48,135,2.8,5.48,124,3.8,5.98,135,2.8,5.48,124,3.8,5.98,1,2,1.609437912,-0.625923656
135,2.8,5.48,124,3.8,5.98,135,2.8,5.48,163,-0.9,5.89,135,2.8,5.48,135,2.8,5.48,124,3.8,5.98,135,2.8,5.48,124,3.8,5.98,1,2,1.609437912,-0.308896089
105,4.2,5.96,124,3.8,5.98,163,-0.9,5.89,141,-1.3,5.66,141,-1.3,5.66,135,2.8,5.48,124,3.8,5.98,135,2.8,5.48,124,3.8,5.98,1,2,1.609437912,0
114,-3.5,5.65,124,3.8,5.98,163,-0.9,5.89,141,-1.3,5.66,141,-1.3,5.66,135,2.8,5.48,124,3.8,5.98,135,2.8,5.48,124,3.8,5.98,1,2,4.18972606,-0.424392284
86,2.5,5.07,124,3.8,5.98,163,-0.9,5.89,141,-1.3,5.66,141,-1.3,5.66,135,2.8,5.48,124,3.8,5.98,135,2.8,5.48,124,3.8,5.98,1,2,1.609437912,0
93,-0.7,5.6,124,3.8,5.98,163,-0.9,5.89,141,-1.3,5.66,141,-1.3,5.66,135,2.8,5.48,124,3.8,5.98,135,2.8,5.48,124,3.8,5.98,1,2,1.609437912,-0.41403511
118,-3.2,7.59,124,3.8,5.98,163,-0.9,5.89,141,-1.3,5.66,141,-1.3,5.66,135,2.8,5.48,124,3.8,5.98,135,2.8,5.48,124,3.8,5.98,1,2,3.394686094,-0.494910716
105,4.2,5.96,93,-0.7,5.6,105,4.2,5.96,141,-1.3,5.66,141,-1.3,5.66,135,2.8,5.48,124,3.8,5.98,135,2.8,5.48,124,3.8,5.98,1,2,4.060380317,-0.450360199
86,2.5,5.07,93,-0.7,5.6,105,4.2,5.96,141,-1.3,5.66,141,-1.3,5.66,135,2.8,5.48,124,3.8,5.98,135,2.8,5.48,124,3.8,5.98,1,2,3.590849079,-0.109080773
93,-0.7,5.6,124,3.8,5.98,105,4.2,5.96,141,-1.3,5.66,141,-1.3,5.66,135,2.8,5.48,124,3.8,5.98,135,2.8,5.48,124,3.8,5.98,1,2,5.060905647,-0.287847
163,-0.9,5.89,93,-0.7,5.6,105,4.2,5.96,141,-1.3,5.66,141,-1.3,5.66,135,2.8,5.48,124,3.8,5.98,135,2.8,5.48,124,3.8,5.98,1,2,5.566659942,2.381151174
96,-3.5,5.41,124,3.8,5.98,163,-0.9,5.89,141,-1.3,5.66,141,-1.3,5.66,135,2.8,5.48,124,3.8,5.98,135,2.8,5.48,124,3.8,5.98,1,2,1.609437912,0
135,2.8,5.48,67,1.8,6,48,-0.4,5.97,163,-0.9,5.89,141,-1.3,5.66,135,2.8,5.48,124,3.8,5.98,135,2.8,5.48,124,3.8,5.98,1,2,6.671731034,0.588729255
124,4.5,6.02,124,3.8,5.98,163,-0.9,5.89,141,-1.3,5.66,141,-1.3,5.66,135,2.8,5.48,124,3.8,5.98,135,2.8,5.48,124,3.8,5.98,1,2,1.609437912,0
135,2.8,5.48,67,1.8,6,93,-0.7,5.6,163,-0.9,5.89,141,-1.3,5.66,135,2.8,5.48,124,3.8,5.98,135,2.8,5.48,124,3.8,5.98,1,2,7.357617856,1.146610314
124,4.5,6.02,124,3.8,5.98,163,-0.9,5.89,163,-0.9,5.89,141,-1.3,5.66,135,2.8,5.48,124,3.8,5.98,135,2.8,5.48,124,3.8,5.98,1,2,1.609437912,0
135,2.8,5.48,67,1.8,6,124,4.5,6.02,163,-0.9,5.89,141,-1.3,5.66,135,2.8,5.48,124,3.8,5.98,135,2.8,5.48,124,3.8,5.98,1,2,7.387750963,1.015478198
86,2.5,5.07,124,3.8,5.98,163,-0.9,5.89,163,-0.9,5.89,141,-1.3,5.66,135,2.8,5.48,124,3.8,5.98,135,2.8,5.48,124,3.8,5.98,1,2,1.609437912,0
135,2.8,5.48,48,-0.4,5.97,73,-0.8,5.68,163,-0.9,5.89,141,-1.3,5.66,135,2.8,5.48,124,3.8,5.98,135,2.8,5.48,124,3.8,5.98,1,2,7.194413699,1.257753721
124,3.8,5.98,124,3.8,5.98,124,4.5,6.02,141,-1.3,5.66,141,-1.3,5.66,135,2.8,5.48,124,3.8,5.98,135,2.8,5.48,124,3.8,5.98,1,2,5.087706462,-0.24353791
163,-0.9,5.89,67,1.8,6,73,-0.8,5.68,163,-0.9,5.89,141,-1.3,5.66,135,2.8,5.48,124,3.8,5.98,135,2.8,5.48,124,3.8,5.98,1,2,6.948416081,3.212585506
124,3.8,5.98,124,3.8,5.98,141,-1.3,5.66,141,-1.3,5.66,141,-1.3,5.66,135,2.8,5.48,124,3.8,5.98,135,2.8,5.48,124,3.8,5.98,1,2,3.172506684,-0.910885754
86,2.5,5.07,124,4.5,6.02,163,-0.9,5.89,141,-1.3,5.66,141,-1.3,5.66,135,2.8,5.48,124,3.8,5.98,135,2.8,5.48,124,3.8,5.98,1,2,2.964614574,-0.598462615
86,2.5,5.07,124,3.8,5.98,141,-1.3,5.66,141,-1.3,5.66,141,-1.3,5.66,135,2.8,5.48,124,3.8,5.98,135,2.8,5.48,124,3.8,5.98,1,2,2.858665201,-0.620424736
135,2.8,5.48,67,1.8,6,135,2.8,5.48,163,-0.9,5.89,141,-1.3,5.66,135,2.8,5.48,124,3.8,5.98,135,2.8,5.48,124,3.8,5.98,1,2,5.873618262,0.836950893
135,2.8,5.48,67,1.8,6,135,2.8,5.48,163,-0.9,5.89,135,2.8,5.48,135,2.8,5.48,124,3.8,5.98,135,2.8,5.48,124,3.8,5.98,1,2,5.681707599,0.922413712
124,3.8,5.98,67,1.8,6,135,2.8,5.48,163,-0.9,5.89,141,-1.3,5.66,135,2.8,5.48,124,3.8,5.98,135,2.8,5.48,124,3.8,5.98,1,2,5.682287069,0.492629434
135,2.8,5.48,67,1.8,6,73,-0.8,5.68,124,4.5,6.02,141,-1.3,5.66,135,2.8,5.48,124,3.8,5.98,135,2.8,5.48,124,3.8,5.98,1,2,5.874708745,0.272732148
135,2.8,5.48,67,1.8,6,73,-0.8,5.68,141,-1.3,5.66,141,-1.3,5.66,135,2.8,5.48,124,3.8,5.98,135,2.8,5.48,124,3.8,5.98,1,2,7.24558064,3.391396231
135,2.8,5.48,67,1.8,6,73,-0.8,5.68,163,-0.9,5.89,163,-0.9,5.89,135,2.8,5.48,124,3.8,5.98,135,2.8,5.48,124,3.8,5.98,1,2,4.655215903,1.434340528
135,2.8,5.48,67,1.8,6,73,-0.8,5.68,163,-0.9,5.89,124,3.8,5.98,135,2.8,5.48,124,3.8,5.98,135,2.8,5.48,124,3.8,5.98,1,2,2.488952884,-0.032690474
135,2.8,5.48,67,1.8,6,73,-0.8,5.68,163,-0.9,5.89,141,-1.3,5.66,141,-1.3,5.66,124,3.8,5.98,135,2.8,5.48,124,3.8,5.98,1,2,6.272457541,0.961810959
135,2.8,5.48,67,1.8,6,73,-0.8,5.68,163,-0.9,5.89,141,-1.3,5.66,124,3.8,5.98,124,3.8,5.98,135,2.8,5.48,124,3.8,5.98,1,2,4.375365626,-0.096837485
135,2.8,5.48,67,1.8,6,73,-0.8,5.68,163,-0.9,5.89,141,-1.3,5.66,135,2.8,5.48,135,2.8,5.48,135,2.8,5.48,124,3.8,5.98,1,2,6.842617325,2.54773001
135,2.8,5.48,67,1.8,6,73,-0.8,5.68,163,-0.9,5.89,141,-1.3,5.66,135,2.8,5.48,105,4.2,5.96,135,2.8,5.48,124,3.8,5.98,1,2,4.343056646,1.644881033
135,2.8,5.48,67,1.8,6,73,-0.8,5.68,163,-0.9,5.89,141,-1.3,5.66,135,2.8,5.48,124,3.8,5.98,124,3.8,5.98,124,3.8,5.98,1,2,3.777918164,1.304824258
135,2.8,5.48,67,1.8,6,73,-0.8,5.68,163,-0.9,5.89,141,-1.3,5.66,135,2.8,5.48,124,3.8,5.98,141,-1.3,5.66,124,3.8,5.98,1,2,6.78470162,1.710642943
135,2.8,5.48,67,1.8,6,73,-0.8,5.68,163,-0.9,5.89,141,-1.3,5.66,135,2.8,5.48,124,3.8,5.98,135,2.8,5.48,135,2.8,5.48,1,2,7.766451215,1.058856827
135,2.8,5.48,67,1.8,6,73,-0.8,5.68,163,-0.9,5.89,141,-1.3,5.66,135,2.8,5.48,124,3.8,5.98,135,2.8,5.48,105,4.2,5.96,1,2,7.300304605,1.511987144
141,-1.3,5.66,93,-0.7,5.6,73,-0.8,5.68,141,-1.3,5.66,141,-1.3,5.66,135,2.8,5.48,124,3.8,5.98,135,2.8,5.48,124,3.8,5.98,1,3,4.459529461,1.714965395
135,2.8,5.48,67,1.8,6,73,-0.8,5.68,163,-0.9,5.89,141,-1.3,5.66,135,2.8,5.48,124,3.8,5.98,135,2.8,5.48,124,3.8,5.98,1,3,5.350291547,1.167003669
135,2.8,5.48,67,1.8,6,73,-0.8,5.68,163,-0.9,5.89,135,2.8,5.48,135,2.8,5.48,124,3.8,5.98,135,2.8,5.48,124,3.8,5.98,1,3,5.327291531,0.986721742
135,2.8,5.48,93,-0.7,5.6,73,-0.8,5.68,141,-1.3,5.66,141,-1.3,5.66,135,2.8,5.48,124,3.8,5.98,135,2.8,5.48,124,3.8,5.98,1,3,6.198697682,2.761462766
124,3.8,5.98,93,-0.7,5.6,73,-0.8,5.68,141,-1.3,5.66,141,-1.3,5.66,135,2.8,5.48,124,3.8,5.98,135,2.8,5.48,124,3.8,5.98,1,3,4.623262238,1.813487158
141,-1.3,5.66,93,-0.7,5.6,73,-0.8,5.68,141,-1.3,5.66,135,2.8,5.48,135,2.8,5.48,124,3.8,5.98,135,2.8,5.48,124,3.8,5.98,1,3,3.382569984,1.066934199
124,3.8,5.98,93,-0.7,5.6,67,1.8,6,141,-1.3,5.66,141,-1.3,5.66,135,2.8,5.48,124,3.8,5.98,135,2.8,5.48,124,3.8,5.98,1,3,4.643342618,1.825569983
124,3.8,5.98,93,-0.7,5.6,105,4.2,5.96,141,-1.3,5.66,141,-1.3,5.66,135,2.8,5.48,124,3.8,5.98,135,2.8,5.48,124,3.8,5.98,1,3,5.000521384,2.040492631
124,3.8,5.98,93,-0.7,5.6,163,-0.9,5.89,141,-1.3,5.66,141,-1.3,5.66,135,2.8,5.48,124,3.8,5.98,135,2.8,5.48,124,3.8,5.98,1,3,6.015775306,2.280322505
124,3.8,5.98,93,-0.7,5.6,73,-0.8,5.68,141,-1.3,5.66,135,2.8,5.48,135,2.8,5.48,124,3.8,5.98,135,2.8,5.48,124,3.8,5.98,1,3,3.328759794,1.034555374
124,3.8,5.98,93,-0.7,5.6,163,-0.9,5.89,141,-1.3,5.66,135,2.8,5.48,135,2.8,5.48,124,3.8,5.98,135,2.8,5.48,124,3.8,5.98,1,3,5.763333577,1.770253497
124,3.8,5.98,124,3.8,5.98,105,4.2,5.96,141,-1.3,5.66,141,-1.3,5.66,135,2.8,5.48,124,3.8,5.98,135,2.8,5.48,124,3.8,5.98,1,3,4.302252521,0.47521938
124,3.8,5.98,124,3.8,5.98,163,-0.9,5.89,141,-1.3,5.66,141,-1.3,5.66,135,2.8,5.48,124,3.8,5.98,135,2.8,5.48,124,3.8,5.98,1,3,2.8387973,-0.019760103
124,3.8,5.98,73,-0.8,5.68,163,-0.9,5.89,141,-1.3,5.66,141,-1.3,5.66,135,2.8,5.48,124,3.8,5.98,135,2.8,5.48,124,3.8,5.98,1,3,4.84620787,1.947638654
124,3.8,5.98,67,1.8,6,163,-0.9,5.89,141,-1.3,5.66,141,-1.3,5.66,135,2.8,5.48,124,3.8,5.98,135,2.8,5.48,124,3.8,5.98,1,3,5.196006169,1.72674535
124,3.8,5.98,124,3.8,5.98,105,4.2,5.96,163,-0.9,5.89,141,-1.3,5.66,135,2.8,5.48,124,3.8,5.98,135,2.8,5.48,124,3.8,5.98,1,3,3.591012398,0.547015314
124,3.8,5.98,124,3.8,5.98,163,-0.9,5.89,163,-0.9,5.89,141,-1.3,5.66,135,2.8,5.48,124,3.8,5.98,135,2.8,5.48,124,3.8,5.98,1,3,2.840232392,-0.075220856
124,3.8,5.98,67,1.8,6,163,-0.9,5.89,163,-0.9,5.89,141,-1.3,5.66,135,2.8,5.48,124,3.8,5.98,135,2.8,5.48,124,3.8,5.98,1,3,5.311669951,1.366558246
141,-1.3,5.66,124,3.8,5.98,163,-0.9,5.89,141,-1.3,5.66,141,-1.3,5.66,135,2.8,5.48,124,3.8,5.98,135,2.8,5.48,124,3.8,5.98,1,3,1.609437912,0
135,2.8,5.48,124,3.8,5.98,105,4.2,5.96,141,-1.3,5.66,141,-1.3,5.66,135,2.8,5.48,124,3.8,5.98,135,2.8,5.48,124,3.8,5.98,1,3,2.989216159,0.830244188
141,-1.3,5.66,93,-0.7,5.6,73,-0.8,5.68,141,-1.3,5.66,141,-1.3,5.66,135,2.8,5.48,105,4.2,5.96,135,2.8,5.48,124,3.8,5.98,1,3,4.06203093,1.475781419
141,-1.3,5.66,124,3.8,5.98,73,-0.8,5.68,141,-1.3,5.66,141,-1.3,5.66,135,2.8,5.48,124,3.8,5.98,135,2.8,5.48,124,3.8,5.98,1,3,1.609437912,0
124,3.8,5.98,67,1.8,6,73,-0.8,5.68,141,-1.3,5.66,141,-1.3,5.66,135,2.8,5.48,124,3.8,5.98,135,2.8,5.48,124,3.8,5.98,1,3,4.145929073,1.526264855
124,3.8,5.98,67,1.8,6,73,-0.8,5.68,163,-0.9,5.89,141,-1.3,5.66,135,2.8,5.48,124,3.8,5.98,135,2.8,5.48,124,3.8,5.98,1,3,5.357061206,0.997607507
135,2.8,5.48,67,1.8,6,163,-0.9,5.89,163,-0.9,5.89,141,-1.3,5.66,135,2.8,5.48,124,3.8,5.98,135,2.8,5.48,124,3.8,5.98,1,3,6.247785401,1.362116506
135,2.8,5.48,67,1.8,6,105,4.2,5.96,163,-0.9,5.89,141,-1.3,5.66,135,2.8,5.48,124,3.8,5.98,135,2.8,5.48,124,3.8,5.98,1,3,5.567251965,1.677517887
135,2.8,5.48,67,1.8,6,73,-0.8,5.68,163,-0.9,5.89,135,2.8,5.48,135,2.8,5.48,67,1.8,6,135,2.8,5.48,124,3.8,5.98,1,3,4.748161981,0.821974249
135,2.8,5.48,67,1.8,6,73,-0.8,5.68,163,-0.9,5.89,135,2.8,5.48,135,2.8,5.48,105,4.2,5.96,135,2.8,5.48,124,3.8,5.98,1,3,5.41197997,1.895134859
135,2.8,5.48,124,4.5,6.02,73,-0.8,5.68,163,-0.9,5.89,135,2.8,5.48,135,2.8,5.48,124,3.8,5.98,135,2.8,5.48,124,3.8,5.98,1,3,3.623045184,0.609370746
135,2.8,5.48,124,3.8,5.98,73,-0.8,5.68,163,-0.9,5.89,135,2.8,5.48,135,2.8,5.48,124,3.8,5.98,135,2.8,5.48,124,3.8,5.98,1,3,2.602836829,0.597750892
135,2.8,5.48,124,3.8,5.98,135,2.8,5.48,163,-0.9,5.89,135,2.8,5.48,135,2.8,5.48,124,3.8,5.98,135,2.8,5.48,124,3.8,5.98,1,3,1.910586586,0.181208057
105,4.2,5.96,124,3.8,5.98,163,-0.9,5.89,141,-1.3,5.66,141,-1.3,5.66,135,2.8,5.48,124,3.8,5.98,135,2.8,5.48,124,3.8,5.98,1,3,1.719885542,0.06645887
114,-3.5,5.65,124,3.8,5.98,163,-0.9,5.89,141,-1.3,5.66,141,-1.3,5.66,135,2.8,5.48,124,3.8,5.98,135,2.8,5.48,124,3.8,5.98,1,3,3.866496614,1.358123941
86,2.5,5.07,124,3.8,5.98,163,-0.9,5.89,141,-1.3,5.66,141,-1.3,5.66,135,2.8,5.48,124,3.8,5.98,135,2.8,5.48,124,3.8,5.98,1,3,2.162622066,0.332863581
93,-0.7,5.6,124,3.8,5.98,163,-0.9,5.89,141,-1.3,5.66,141,-1.3,5.66,135,2.8,5.48,124,3.8,5.98,135,2.8,5.48,124,3.8,5.98,1,3,2.981381304,0.825529777
118,-3.2,7.59,124,3.8,5.98,163,-0.9,5.89,141,-1.3,5.66,141,-1.3,5.66,135,2.8,5.48,124,3.8,5.98,135,2.8,5.48,124,3.8,5.98,1,3,3.400744477,0.888858888
105,4.2,5.96,93,-0.7,5.6,105,4.2,5.96,141,-1.3,5.66,141,-1.3,5.66,135,2.8,5.48,124,3.8,5.98,135,2.8,5.48,124,3.8,5.98,1,3,4.497632928,1.737893124
86,2.5,5.07,93,-0.7,5.6,105,4.2,5.96,141,-1.3,5.66,141,-1.3,5.66,135,2.8,5.48,124,3.8,5.98,135,2.8,5.48,124,3.8,5.98,1,3,3.623453203,1.211879151
93,-0.7,5.6,124,3.8,5.98,105,4.2,5.96,141,-1.3,5.66,141,-1.3,5.66,135,2.8,5.48,124,3.8,5.98,135,2.8,5.48,124,3.8,5.98,1,3,4.648248229,1.828521802
163,-0.9,5.89,93,-0.7,5.6,105,4.2,5.96,141,-1.3,5.66,141,-1.3,5.66,135,2.8,5.48,124,3.8,5.98,135,2.8,5.48,124,3.8,5.98,1,3,5.058076721,2.075124996
96,-3.5,5.41,124,3.8,5.98,163,-0.9,5.89,141,-1.3,5.66,141,-1.3,5.66,135,2.8,5.48,124,3.8,5.98,135,2.8,5.48,124,3.8,5.98,1,3,1.849003326,0.144151999
135,2.8,5.48,67,1.8,6,48,-0.4,5.97,163,-0.9,5.89,141,-1.3,5.66,135,2.8,5.48,124,3.8,5.98,135,2.8,5.48,124,3.8,5.98,1,3,5.382870549,1.712925566
124,4.5,6.02,124,3.8,5.98,163,-0.9,5.89,141,-1.3,5.66,141,-1.3,5.66,135,2.8,5.48,124,3.8,5.98,135,2.8,5.48,124,3.8,5.98,1,3,1.609437912,0
135,2.8,5.48,67,1.8,6,93,-0.7,5.6,163,-0.9,5.89,141,-1.3,5.66,135,2.8,5.48,124,3.8,5.98,135,2.8,5.48,124,3.8,5.98,1,3,6.02041756,1.381657302
124,4.5,6.02,124,3.8,5.98,163,-0.9,5.89,163,-0.9,5.89,141,-1.3,5.66,135,2.8,5.48,124,3.8,5.98,135,2.8,5.48,124,3.8,5.98,1,3,1.776354064,0.100437274
135,2.8,5.48,67,1.8,6,124,4.5,6.02,163,-0.9,5.89,141,-1.3,5.66,135,2.8,5.48,124,3.8,5.98,135,2.8,5.48,124,3.8,5.98,1,3,6.525816582,2.253697197
86,2.5,5.07,124,3.8,5.98,163,-0.9,5.89,163,-0.9,5.89,141,-1.3,5.66,135,2.8,5.48,124,3.8,5.98,135,2.8,5.48,124,3.8,5.98,1,3,2.381865309,0.464787265
135,2.8,5.48,48,-0.4,5.97,73,-0.8,5.68,163,-0.9,5.89,141,-1.3,5.66,135,2.8,5.48,124,3.8,5.98,135,2.8,5.48,124,3.8,5.98,1,3,5.260316894,0.315278112
124,3.8,5.98,124,3.8,5.98,124,4.5,6.02,141,-1.3,5.66,141,-1.3,5.66,135,2.8,5.48,124,3.8,5.98,135,2.8,5.48,124,3.8,5.98,1,3,4.790496414,0.42604362
163,-0.9,5.89,67,1.8,6,73,-0.8,5.68,163,-0.9,5.89,141,-1.3,5.66,135,2.8,5.48,124,3.8,5.98,135,2.8,5.48,124,3.8,5.98,1,3,6.085183675,2.693158787
124,3.8,5.98,124,3.8,5.98,141,-1.3,5.66,141,-1.3,5.66,141,-1.3,5.66,135,2.8,5.48,124,3.8,5.98,135,2.8,5.48,124,3.8,5.98,1,3,3.561481563,1.174589395
86,2.5,5.07,124,4.5,6.02,163,-0.9,5.89,141,-1.3,5.66,141,-1.3,5.66,135,2.8,5.48,124,3.8,5.98,135,2.8,5.48,124,3.8,5.98,1,3,2.785139115,0.108713805
86,2.5,5.07,124,3.8,5.98,141,-1.3,5.66,141,-1.3,5.66,141,-1.3,5.66,135,2.8,5.48,124,3.8,5.98,135,2.8,5.48,124,3.8,5.98,1,3,3.056704433,0.870853429
135,2.8,5.48,67,1.8,6,135,2.8,5.48,163,-0.9,5.89,141,-1.3,5.66,135,2.8,5.48,124,3.8,5.98,135,2.8,5.48,124,3.8,5.98,1,3,5.256192224,1.873567434
135,2.8,5.48,67,1.8,6,135,2.8,5.48,163,-0.9,5.89,135,2.8,5.48,135,2.8,5.48,124,3.8,5.98,135,2.8,5.48,124,3.8,5.98,1,3,5.08908439,1.442695212
124,3.8,5.98,67,1.8,6,135,2.8,5.48,163,-0.9,5.89,141,-1.3,5.66,135,2.8,5.48,124,3.8,5.98,135,2.8,5.48,124,3.8,5.98,1,3,5.042624391,1.658952139
135,2.8,5.48,67,1.8,6,73,-0.8,5.68,124,4.5,6.02,141,-1.3,5.66,135,2.8,5.48,124,3.8,5.98,135,2.8,5.48,124,3.8,5.98,1,3,5.573331598,1.599393749
135,2.8,5.48,67,1.8,6,73,-0.8,5.68,141,-1.3,5.66,141,-1.3,5.66,135,2.8,5.48,124,3.8,5.98,135,2.8,5.48,124,3.8,5.98,1,3,5.727725974,2.478068297
135,2.8,5.48,67,1.8,6,73,-0.8,5.68,163,-0.9,5.89,163,-0.9,5.89,135,2.8,5.48,124,3.8,5.98,135,2.8,5.48,124,3.8,5.98,1,3,4.83653018,1.941815366
135,2.8,5.48,67,1.8,6,73,-0.8,5.68,163,-0.9,5.89,124,3.8,5.98,135,2.8,5.48,124,3.8,5.98,135,2.8,5.48,124,3.8,5.98,1,3,2.432050678,0.494984951
135,2.8,5.48,67,1.8,6,73,-0.8,5.68,163,-0.9,5.89,141,-1.3,5.66,141,-1.3,5.66,124,3.8,5.98,135,2.8,5.48,124,3.8,5.98,1,3,5.171417143,2.143324525
135,2.8,5.48,67,1.8,6,73,-0.8,5.68,163,-0.9,5.89,141,-1.3,5.66,124,3.8,5.98,124,3.8,5.98,135,2.8,5.48,124,3.8,5.98,1,3,2.980327245,0.824895525
135,2.8,5.48,67,1.8,6,73,-0.8,5.68,163,-0.9,5.89,141,-1.3,5.66,135,2.8,5.48,135,2.8,5.48,135,2.8,5.48,124,3.8,5.98,1,3,6.353872966,2.85483529
135,2.8,5.48,67,1.8,6,73,-0.8,5.68,163,-0.9,5.89,141,-1.3,5.66,135,2.8,5.48,105,4.2,5.96,135,2.8,5.48,124,3.8,5.98,1,3,4.226718977,1.574877992
135,2.8,5.48,67,1.8,6,73,-0.8,5.68,163,-0.9,5.89,141,-1.3,5.66,135,2.8,5.48,124,3.8,5.98,124,3.8,5.98,124,3.8,5.98,1,3,1.609437912,0
135,2.8,5.48,67,1.8,6,73,-0.8,5.68,163,-0.9,5.89,141,-1.3,5.66,135,2.8,5.48,124,3.8,5.98,141,-1.3,5.66,124,3.8,5.98,1,3,4.719387867,1.871328152
135,2.8,5.48,67,1.8,6,73,-0.8,5.68,163,-0.9,5.89,141,-1.3,5.66,135,2.8,5.48,124,3.8,5.98,135,2.8,5.48,135,2.8,5.48,1,3,4.810412272,0.45529617
135,2.8,5.48,67,1.8,6,73,-0.8,5.68,163,-0.9,5.89,141,-1.3,5.66,135,2.8,5.48,124,3.8,5.98,135,2.8,5.48,105,4.2,5.96,1,3,5.68238356,2.450784727
141,-1.3,5.66,93,-0.7,5.6,73,-0.8,5.68,141,-1.3,5.66,141,-1.3,5.66,135,2.8,5.48,124,3.8,5.98,135,2.8,5.48,124,3.8,5.98,0,2,1.609437912,0
135,2.8,5.48,67,1.8,6,73,-0.8,5.68,163,-0.9,5.89,141,-1.3,5.66,135,2.8,5.48,124,3.8,5.98,135,2.8,5.48,124,3.8,5.98,0,2,10.01019709,4.13559009
135,2.8,5.48,67,1.8,6,73,-0.8,5.68,163,-0.9,5.89,135,2.8,5.48,135,2.8,5.48,124,3.8,5.98,135,2.8,5.48,124,3.8,5.98,0,2,9.005712992,3.647880724
135,2.8,5.48,93,-0.7,5.6,73,-0.8,5.68,141,-1.3,5.66,141,-1.3,5.66,135,2.8,5.48,124,3.8,5.98,135,2.8,5.48,124,3.8,5.98,0,2,1.743489874,0.080662137
124,3.8,5.98,93,-0.7,5.6,73,-0.8,5.68,141,-1.3,5.66,141,-1.3,5.66,135,2.8,5.48,124,3.8,5.98,135,2.8,5.48,124,3.8,5.98,0,2,2.243753612,-0.079791245
141,-1.3,5.66,93,-0.7,5.6,73,-0.8,5.68,141,-1.3,5.66,135,2.8,5.48,135,2.8,5.48,124,3.8,5.98,135,2.8,5.48,124,3.8,5.98,0,2,1.609437912,0
124,3.8,5.98,93,-0.7,5.6,67,1.8,6,141,-1.3,5.66,141,-1.3,5.66,135,2.8,5.48,124,3.8,5.98,135,2.8,5.48,124,3.8,5.98,0,2,1.609437912,-0.649390389
124,3.8,5.98,93,-0.7,5.6,105,4.2,5.96,141,-1.3,5.66,141,-1.3,5.66,135,2.8,5.48,124,3.8,5.98,135,2.8,5.48,124,3.8,5.98,0,2,2.029565102,-0.867178156
124,3.8,5.98,93,-0.7,5.6,163,-0.9,5.89,141,-1.3,5.66,141,-1.3,5.66,135,2.8,5.48,124,3.8,5.98,135,2.8,5.48,124,3.8,5.98,0,2,4.531029225,0.243883051
124,3.8,5.98,93,-0.7,5.6,73,-0.8,5.68,141,-1.3,5.66,135,2.8,5.48,135,2.8,5.48,124,3.8,5.98,135,2.8,5.48,124,3.8,5.98,0,2,2.127486823,0.311721901
124,3.8,5.98,93,-0.7,5.6,163,-0.9,5.89,141,-1.3,5.66,135,2.8,5.48,135,2.8,5.48,124,3.8,5.98,135,2.8,5.48,124,3.8,5.98,0,2,4.221833451,0.308826908
124,3.8,5.98,124,3.8,5.98,105,4.2,5.96,141,-1.3,5.66,141,-1.3,5.66,135,2.8,5.48,124,3.8,5.98,135,2.8,5.48,124,3.8,5.98,0,2,4.367400824,-0.751662301
124,3.8,5.98,124,3.8,5.98,163,-0.9,5.89,141,-1.3,5.66,141,-1.3,5.66,135,2.8,5.48,124,3.8,5.98,135,2.8,5.48,124,3.8,5.98,0,2,5.41756985,-0.513837694
124,3.8,5.98,73,-0.8,5.68,163,-0.9,5.89,141,-1.3,5.66,141,-1.3,5.66,135,2.8,5.48,124,3.8,5.98,135,2.8,5.48,124,3.8,5.98,0,2,3.852000186,0.996089218
124,3.8,5.98,67,1.8,6,163,-0.9,5.89,141,-1.3,5.66,141,-1.3,5.66,135,2.8,5.48,124,3.8,5.98,135,2.8,5.48,124,3.8,5.98,0,2,5.606037438,1.103084681
124,3.8,5.98,124,3.8,5.98,105,4.2,5.96,163,-0.9,5.89,141,-1.3,5.66,135,2.8,5.48,124,3.8,5.98,135,2.8,5.48,124,3.8,5.98,0,2,6.404779939,-0.217120301
124,3.8,5.98,124,3.8,5.98,163,-0.9,5.89,163,-0.9,5.89,141,-1.3,5.66,135,2.8,5.48,124,3.8,5.98,135,2.8,5.48,124,3.8,5.98,0,2,6.636635821,0.125048582
124,3.8,5.98,67,1.8,6,163,-0.9,5.89,163,-0.9,5.89,141,-1.3,5.66,135,2.8,5.48,124,3.8,5.98,135,2.8,5.48,124,3.8,5.98,0,2,8.155587369,2.076662025
141,-1.3,5.66,124,3.8,5.98,163,-0.9,5.89,141,-1.3,5.66,141,-1.3,5.66,135,2.8,5.48,124,3.8,5.98,135,2.8,5.48,124,3.8,5.98,0,2,4.944617053,2.006853714
135,2.8,5.48,124,3.8,5.98,105,4.2,5.96,141,-1.3,5.66,141,-1.3,5.66,135,2.8,5.48,124,3.8,5.98,135,2.8,5.48,124,3.8,5.98,0,2,6.654220012,2.370723832
141,-1.3,5.66,93,-0.7,5.6,73,-0.8,5.68,141,-1.3,5.66,141,-1.3,5.66,135,2.8,5.48,105,4.2,5.96,135,2.8,5.48,124,3.8,5.98,0,2,1.609437912,0
141,-1.3,5.66,124,3.8,5.98,73,-0.8,5.68,141,-1.3,5.66,141,-1.3,5.66,135,2.8,5.48,124,3.8,5.98,135,2.8,5.48,124,3.8,5.98,0,2,1.609437912,0
124,3.8,5.98,67,1.8,6,73,-0.8,5.68,141,-1.3,5.66,141,-1.3,5.66,135,2.8,5.48,124,3.8,5.98,135,2.8,5.48,124,3.8,5.98,0,2,3.580294109,1.032853301
124,3.8,5.98,67,1.8,6,73,-0.8,5.68,163,-0.9,5.89,141,-1.3,5.66,135,2.8,5.48,124,3.8,5.98,135,2.8,5.48,124,3.8,5.98,0,2,6.943136256,1.339990115
135,2.8,5.48,67,1.8,6,163,-0.9,5.89,163,-0.9,5.89,141,-1.3,5.66,135,2.8,5.48,124,3.8,5.98,135,2.8,5.48,124,3.8,5.98,0,2,8.858173931,3.631110414
135,2.8,5.48,67,1.8,6,105,4.2,5.96,163,-0.9,5.89,141,-1.3,5.66,135,2.8,5.48,124,3.8,5.98,135,2.8,5.48,124,3.8,5.98,0,2,9.741345761,4.663045743
135,2.8,5.48,67,1.8,6,73,-0.8,5.68,163,-0.9,5.89,135,2.8,5.48,135,2.8,5.48,67,1.8,6,135,2.8,5.48,124,3.8,5.98,0,2,7.676425691,2.747828798
135,2.8,5.48,67,1.8,6,73,-0.8,5.68,163,-0.9,5.89,135,2.8,5.48,135,2.8,5.48,105,4.2,5.96,135,2.8,5.48,124,3.8,5.98,0,2,7.953131786,3.302339657
135,2.8,5.48,124,4.5,6.02,73,-0.8,5.68,163,-0.9,5.89,135,2.8,5.48,135,2.8,5.48,124,3.8,5.98,135,2.8,5.48,124,3.8,5.98,0,2,5.095153169,0.928348955
135,2.8,5.48,124,3.8,5.98,73,-0.8,5.68,163,-0.9,5.89,135,2.8,5.48,135,2.8,5.48,124,3.8,5.98,135,2.8,5.48,124,3.8,5.98,0,2,5.395763244,1.134389504
135,2.8,5.48,124,3.8,5.98,135,2.8,5.48,163,-0.9,5.89,135,2.8,5.48,135,2.8,5.48,124,3.8,5.98,135,2.8,5.48,124,3.8,5.98,0,2,5.545757123,1.58765377
105,4.2,5.96,124,3.8,5.98,163,-0.9,5.89,141,-1.3,5.66,141,-1.3,5.66,135,2.8,5.48,124,3.8,5.98,135,2.8,5.48,124,3.8,5.98,0,2,5.12988259,-0.25946092
114,-3.5,5.65,124,3.8,5.98,163,-0.9,5.89,141,-1.3,5.66,141,-1.3,5.66,135,2.8,5.48,124,3.8,5.98,135,2.8,5.48,124,3.8,5.98,0,2,3.082405957,-1.065131817
86,2.5,5.07,124,3.8,5.98,163,-0.9,5.89,141,-1.3,5.66,141,-1.3,5.66,135,2.8,5.48,124,3.8,5.98,135,2.8,5.48,124,3.8,5.98,0,2,4.494219536,-0.291462114
93,-0.7,5.6,124,3.8,5.98,163,-0.9,5.89,141,-1.3,5.66,141,-1.3,5.66,135,2.8,5.48,124,3.8,5.98,135,2.8,5.48,124,3.8,5.98,0,2,4.296909207,-0.824436951
118,-3.2,7.59,124,3.8,5.98,163,-0.9,5.89,141,-1.3,5.66,141,-1.3,5.66,135,2.8,5.48,124,3.8,5.98,135,2.8,5.48,124,3.8,5.98,0,2,4.273351004,0.541686333
105,4.2,5.96,93,-0.7,5.6,105,4.2,5.96,141,-1.3,5.66,141,-1.3,5.66,135,2.8,5.48,124,3.8,5.98,135,2.8,5.48,124,3.8,5.98,0,2,2.630428988,-0.603694673
86,2.5,5.07,93,-0.7,5.6,105,4.2,5.96,141,-1.3,5.66,141,-1.3,5.66,135,2.8,5.48,124,3.8,5.98,135,2.8,5.48,124,3.8,5.98,0,2,3.530864525,0.518670445
93,-0.7,5.6,124,3.8,5.98,105,4.2,5.96,141,-1.3,5.66,141,-1.3,5.66,135,2.8,5.48,124,3.8,5.98,135,2.8,5.48,124,3.8,5.98,0,2,3.008861005,-1.29553385
163,-0.9,5.89,93,-0.7,5.6,105,4.2,5.96,141,-1.3,5.66,141,-1.3,5.66,135,2.8,5.48,124,3.8,5.98,135,2.8,5.48,124,3.8,5.98,0,2,3.238211859,0.980070607
96,-3.5,5.41,124,3.8,5.98,163,-0.9,5.89,141,-1.3,5.66,141,-1.3,5.66,135,2.8,5.48,124,3.8,5.98,135,2.8,5.48,124,3.8,5.98,0,2,3.356732805,0.225349184
135,2.8,5.48,67,1.8,6,48,-0.4,5.97,163,-0.9,5.89,141,-1.3,5.66,135,2.8,5.48,124,3.8,5.98,135,2.8,5.48,124,3.8,5.98,0,2,9.446952462,3.258434691
124,4.5,6.02,124,3.8,5.98,163,-0.9,5.89,141,-1.3,5.66,141,-1.3,5.66,135,2.8,5.48,124,3.8,5.98,135,2.8,5.48,124,3.8,5.98,0,2,4.467964917,-0.478481185
135,2.8,5.48,67,1.8,6,93,-0.7,5.6,163,-0.9,5.89,141,-1.3,5.66,135,2.8,5.48,124,3.8,5.98,135,2.8,5.48,124,3.8,5.98,0,2,9.864991909,3.666166842
124,4.5,6.02,124,3.8,5.98,163,-0.9,5.89,163,-0.9,5.89,141,-1.3,5.66,135,2.8,5.48,124,3.8,5.98,135,2.8,5.48,124,3.8,5.98,0,2,6.162754798,0.385513502
135,2.8,5.48,67,1.8,6,124,4.5,6.02,163,-0.9,5.89,141,-1.3,5.66,135,2.8,5.48,124,3.8,5.98,135,2.8,5.48,124,3.8,5.98,0,2,9.669579145,3.658190325
86,2.5,5.07,124,3.8,5.98,163,-0.9,5.89,163,-0.9,5.89,141,-1.3,5.66,135,2.8,5.48,124,3.8,5.98,135,2.8,5.48,124,3.8,5.98,0,2,6.367846612,-0.091269139
135,2.8,5.48,48,-0.4,5.97,73,-0.8,5.68,163,-0.9,5.89,141,-1.3,5.66,135,2.8,5.48,124,3.8,5.98,135,2.8,5.48,124,3.8,5.98,0,2,9.574801446,3.912963531
124,3.8,5.98,124,3.8,5.98,124,4.5,6.02,141,-1.3,5.66,141,-1.3,5.66,135,2.8,5.48,124,3.8,5.98,135,2.8,5.48,124,3.8,5.98,0,2,5.792912195,-0.397619541
163,-0.9,5.89,67,1.8,6,73,-0.8,5.68,163,-0.9,5.89,141,-1.3,5.66,135,2.8,5.48,124,3.8,5.98,135,2.8,5.48,124,3.8,5.98,0,2,8.888103644,4.37973996
124,3.8,5.98,124,3.8,5.98,141,-1.3,5.66,141,-1.3,5.66,141,-1.3,5.66,135,2.8,5.48,124,3.8,5.98,135,2.8,5.48,124,3.8,5.98,0,2,2.449728696,-0.891195478
86,2.5,5.07,124,4.5,6.02,163,-0.9,5.89,141,-1.3,5.66,141,-1.3,5.66,135,2.8,5.48,124,3.8,5.98,135,2.8,5.48,124,3.8,5.98,0,2,3.739367804,0.072207503
86,2.5,5.07,124,3.8,5.98,141,-1.3,5.66,141,-1.3,5.66,141,-1.3,5.66,135,2.8,5.48,124,3.8,5.98,135,2.8,5.48,124,3.8,5.98,0,2,2.984942999,-0.176725695
135,2.8,5.48,67,1.8,6,135,2.8,5.48,163,-0.9,5.89,141,-1.3,5.66,135,2.8,5.48,124,3.8,5.98,135,2.8,5.48,124,3.8,5.98,0,2,8.941483458,3.868810375
135,2.8,5.48,67,1.8,6,135,2.8,5.48,163,-0.9,5.89,135,2.8,5.48,135,2.8,5.48,124,3.8,5.98,135,2.8,5.48,124,3.8,5.98,0,2,6.23890561,2.008925707
124,3.8,5.98,67,1.8,6,135,2.8,5.48,163,-0.9,5.89,141,-1.3,5.66,135,2.8,5.48,124,3.8,5.98,135,2.8,5.48,124,3.8,5.98,0,2,6.349234559,1.43107207
135,2.8,5.48,67,1.8,6,73,-0.8,5.68,124,4.5,6.02,141,-1.3,5.66,135,2.8,5.48,124,3.8,5.98,135,2.8,5.48,124,3.8,5.98,0,2,6.38042749,1.821773357
135,2.8,5.48,67,1.8,6,73,-0.8,5.68,141,-1.3,5.66,141,-1.3,5.66,135,2.8,5.48,124,3.8,5.98,135,2.8,5.48,124,3.8,5.98,0,2,5.783187387,2.5114407
135,2.8,5.48,67,1.8,6,73,-0.8,5.68,163,-0.9,5.89,163,-0.9,5.89,135,2.8,5.48,124,3.8,5.98,135,2.8,5.48,124,3.8,5.98,0,2,4.351500374,1.649961817
135,2.8,5.48,67,1.8,6,73,-0.8,5.68,163,-0.9,5.89,124,3.8,5.98,135,2.8,5.48,124,3.8,5.98,135,2.8,5.48,124,3.8,5.98,0,2,5.181803193,1.625798908
135,2.8,5.48,67,1.8,6,73,-0.8,5.68,163,-0.9,5.89,141,-1.3,5.66,141,-1.3,5.66,124,3.8,5.98,135,2.8,5.48,124,3.8,5.98,0,2,7.690220821,2.302924793
135,2.8,5.48,67,1.8,6,73,-0.8,5.68,163,-0.9,5.89,141,-1.3,5.66,124,3.8,5.98,124,3.8,5.98,135,2.8,5.48,124,3.8,5.98,0,2,6.629034346,3.020406198
135,2.8,5.48,67,1.8,6,73,-0.8,5.68,163,-0.9,5.89,141,-1.3,5.66,135,2.8,5.48,135,2.8,5.48,135,2.8,5.48,124,3.8,5.98,0,2,7.434597498,3.505132005
135,2.8,5.48,67,1.8,6,73,-0.8,5.68,163,-0.9,5.89,141,-1.3,5.66,135,2.8,5.48,105,4.2,5.96,135,2.8,5.48,124,3.8,5.98,0,2,6.156602161,2.736132926
135,2.8,5.48,67,1.8,6,73,-0.8,5.68,163,-0.9,5.89,141,-1.3,5.66,135,2.8,5.48,124,3.8,5.98,124,3.8,5.98,124,3.8,5.98,0,2,5.40650657,2.284783221
135,2.8,5.48,67,1.8,6,73,-0.8,5.68,163,-0.9,5.89,141,-1.3,5.66,135,2.8,5.48,124,3.8,5.98,141,-1.3,5.66,124,3.8,5.98,0,2,8.993933624,4.023900397
135,2.8,5.48,67,1.8,6,73,-0.8,5.68,163,-0.9,5.89,141,-1.3,5.66,135,2.8,5.48,124,3.8,5.98,135,2.8,5.48,135,2.8,5.48,0,2,9.193493946,3.183118
135,2.8,5.48,67,1.8,6,73,-0.8,5.68,163,-0.9,5.89,141,-1.3,5.66,135,2.8,5.48,124,3.8,5.98,135,2.8,5.48,105,4.2,5.96,0,2,9.578628054,4.748912768
